"filename", "language", "YAML", "JavaScript", "JSON", "Draw.io", "TypeScript", "JSON with Comments", "Markdown", "TypeScript JSX", "Python", "Java Properties", "PostCSS", "pip requirements", "Dart", "CMake", "C++", "HTML", "Kotlin", "XML", "Swift", "comment", "blank", "total"
"/media/linux/fba0f54e-b8a2-fb4f-802f-cd9ac7033213/Automated-nutrition-and-fitness-assistant-/.github/workflows/automergetests.yml", "YAML", 43, 0, 0, 0, 0, 0, 0, 0, 0, 0, 0, 0, 0, 0, 0, 0, 0, 0, 0, 3, 7, 53
"/media/linux/fba0f54e-b8a2-fb4f-802f-cd9ac7033213/Automated-nutrition-and-fitness-assistant-/_layout/diagrams.drawio", "Draw.io", 0, 0, 0, 541, 0, 0, 0, 0, 0, 0, 0, 0, 0, 0, 0, 0, 0, 0, 0, 0, 0, 541
"/media/linux/fba0f54e-b8a2-fb4f-802f-cd9ac7033213/Automated-nutrition-and-fitness-assistant-/aposis/.cta.json", "JSON", 0, 0, 18, 0, 0, 0, 0, 0, 0, 0, 0, 0, 0, 0, 0, 0, 0, 0, 0, 0, 0, 18
"/media/linux/fba0f54e-b8a2-fb4f-802f-cd9ac7033213/Automated-nutrition-and-fitness-assistant-/aposis/README.md", "Markdown", 0, 0, 0, 0, 0, 0, 142, 0, 0, 0, 0, 0, 0, 0, 0, 0, 0, 0, 0, 0, 63, 205
"/media/linux/fba0f54e-b8a2-fb4f-802f-cd9ac7033213/Automated-nutrition-and-fitness-assistant-/aposis/eslint.config.js", "JavaScript", 0, 17, 0, 0, 0, 0, 0, 0, 0, 0, 0, 0, 0, 0, 0, 0, 0, 0, 0, 1, 3, 21
"/media/linux/fba0f54e-b8a2-fb4f-802f-cd9ac7033213/Automated-nutrition-and-fitness-assistant-/aposis/package.json", "JSON", 0, 0, 59, 0, 0, 0, 0, 0, 0, 0, 0, 0, 0, 0, 0, 0, 0, 0, 0, 0, 0, 59
"/media/linux/fba0f54e-b8a2-fb4f-802f-cd9ac7033213/Automated-nutrition-and-fitness-assistant-/aposis/pnpm-lock.yaml", "YAML", 3849, 0, 0, 0, 0, 0, 0, 0, 0, 0, 0, 0, 0, 0, 0, 0, 0, 0, 0, 0, 1022, 4871
"/media/linux/fba0f54e-b8a2-fb4f-802f-cd9ac7033213/Automated-nutrition-and-fitness-assistant-/aposis/prettier.config.js", "JavaScript", 0, 6, 0, 0, 0, 0, 0, 0, 0, 0, 0, 0, 0, 0, 0, 0, 0, 0, 0, 2, 3, 11
"/media/linux/fba0f54e-b8a2-fb4f-802f-cd9ac7033213/Automated-nutrition-and-fitness-assistant-/aposis/public/manifest.json", "JSON", 0, 0, 25, 0, 0, 0, 0, 0, 0, 0, 0, 0, 0, 0, 0, 0, 0, 0, 0, 0, 1, 26
"/media/linux/fba0f54e-b8a2-fb4f-802f-cd9ac7033213/Automated-nutrition-and-fitness-assistant-/aposis/src/components/Error.tsx", "TypeScript JSX", 0, 0, 0, 0, 0, 0, 0, 21, 0, 0, 0, 0, 0, 0, 0, 0, 0, 0, 0, 0, 6, 27
"/media/linux/fba0f54e-b8a2-fb4f-802f-cd9ac7033213/Automated-nutrition-and-fitness-assistant-/aposis/src/components/Footer.tsx", "TypeScript JSX", 0, 0, 0, 0, 0, 0, 0, 7, 0, 0, 0, 0, 0, 0, 0, 0, 0, 0, 0, 0, 1, 8
"/media/linux/fba0f54e-b8a2-fb4f-802f-cd9ac7033213/Automated-nutrition-and-fitness-assistant-/aposis/src/components/Header.tsx", "TypeScript JSX", 0, 0, 0, 0, 0, 0, 0, 8, 0, 0, 0, 0, 0, 0, 0, 0, 0, 0, 0, 0, 2, 10
"/media/linux/fba0f54e-b8a2-fb4f-802f-cd9ac7033213/Automated-nutrition-and-fitness-assistant-/aposis/src/components/Login.tsx", "TypeScript JSX", 0, 0, 0, 0, 0, 0, 0, 139, 0, 0, 0, 0, 0, 0, 0, 0, 0, 0, 0, 2, 12, 153
"/media/linux/fba0f54e-b8a2-fb4f-802f-cd9ac7033213/Automated-nutrition-and-fitness-assistant-/aposis/src/components/Send_Invite.tsx", "TypeScript JSX", 0, 0, 0, 0, 0, 0, 0, 0, 0, 0, 0, 0, 0, 0, 0, 0, 0, 0, 0, 0, 1, 1
"/media/linux/fba0f54e-b8a2-fb4f-802f-cd9ac7033213/Automated-nutrition-and-fitness-assistant-/aposis/src/components/SignIn.tsx", "TypeScript JSX", 0, 0, 0, 0, 0, 0, 0, 0, 0, 0, 0, 0, 0, 0, 0, 0, 0, 0, 0, 0, 1, 1
"/media/linux/fba0f54e-b8a2-fb4f-802f-cd9ac7033213/Automated-nutrition-and-fitness-assistant-/aposis/src/components/SignUp.tsx", "TypeScript JSX", 0, 0, 0, 0, 0, 0, 0, 190, 0, 0, 0, 0, 0, 0, 0, 0, 0, 0, 0, 0, 7, 197
"/media/linux/fba0f54e-b8a2-fb4f-802f-cd9ac7033213/Automated-nutrition-and-fitness-assistant-/aposis/src/components/ThemeToggle.tsx", "TypeScript JSX", 0, 0, 0, 0, 0, 0, 0, 65, 0, 0, 0, 0, 0, 0, 0, 0, 0, 0, 0, 0, 17, 82
"/media/linux/fba0f54e-b8a2-fb4f-802f-cd9ac7033213/Automated-nutrition-and-fitness-assistant-/aposis/src/components/button.tsx", "TypeScript JSX", 0, 0, 0, 0, 0, 0, 0, 11, 0, 0, 0, 0, 0, 0, 0, 0, 0, 0, 0, 0, 1, 12
"/media/linux/fba0f54e-b8a2-fb4f-802f-cd9ac7033213/Automated-nutrition-and-fitness-assistant-/aposis/src/components/criticalButton.tsx", "TypeScript JSX", 0, 0, 0, 0, 0, 0, 0, 45, 0, 0, 0, 0, 0, 0, 0, 0, 0, 0, 0, 0, 6, 51
"/media/linux/fba0f54e-b8a2-fb4f-802f-cd9ac7033213/Automated-nutrition-and-fitness-assistant-/aposis/src/context/isConnected.ts", "TypeScript", 0, 0, 0, 0, 5, 0, 0, 0, 0, 0, 0, 0, 0, 0, 0, 0, 0, 0, 0, 0, 1, 6
"/media/linux/fba0f54e-b8a2-fb4f-802f-cd9ac7033213/Automated-nutrition-and-fitness-assistant-/aposis/src/routeTree.gen.ts", "TypeScript", 0, 0, 0, 0, 107, 0, 0, 0, 0, 0, 0, 0, 0, 0, 0, 0, 0, 0, 0, 6, 10, 123
"/media/linux/fba0f54e-b8a2-fb4f-802f-cd9ac7033213/Automated-nutrition-and-fitness-assistant-/aposis/src/router.tsx", "TypeScript JSX", 0, 0, 0, 0, 0, 0, 0, 16, 0, 0, 0, 0, 0, 0, 0, 0, 0, 0, 0, 0, 5, 21
"/media/linux/fba0f54e-b8a2-fb4f-802f-cd9ac7033213/Automated-nutrition-and-fitness-assistant-/aposis/src/routes/LoginPage.tsx", "TypeScript JSX", 0, 0, 0, 0, 0, 0, 0, 12, 0, 0, 0, 0, 0, 0, 0, 0, 0, 0, 0, 0, 3, 15
"/media/linux/fba0f54e-b8a2-fb4f-802f-cd9ac7033213/Automated-nutrition-and-fitness-assistant-/aposis/src/routes/SignUpPage.tsx", "TypeScript JSX", 0, 0, 0, 0, 0, 0, 0, 12, 0, 0, 0, 0, 0, 0, 0, 0, 0, 0, 0, 0, 3, 15
"/media/linux/fba0f54e-b8a2-fb4f-802f-cd9ac7033213/Automated-nutrition-and-fitness-assistant-/aposis/src/routes/__root.tsx", "TypeScript JSX", 0, 0, 0, 0, 0, 0, 0, 57, 0, 0, 0, 0, 0, 0, 0, 0, 0, 0, 0, 0, 5, 62
"/media/linux/fba0f54e-b8a2-fb4f-802f-cd9ac7033213/Automated-nutrition-and-fitness-assistant-/aposis/src/routes/about.tsx", "TypeScript JSX", 0, 0, 0, 0, 0, 0, 0, 21, 0, 0, 0, 0, 0, 0, 0, 0, 0, 0, 0, 0, 3, 24
"/media/linux/fba0f54e-b8a2-fb4f-802f-cd9ac7033213/Automated-nutrition-and-fitness-assistant-/aposis/src/routes/index.tsx", "TypeScript JSX", 0, 0, 0, 0, 0, 0, 0, 81, 0, 0, 0, 0, 0, 0, 0, 0, 0, 0, 0, 10, 12, 103
"/media/linux/fba0f54e-b8a2-fb4f-802f-cd9ac7033213/Automated-nutrition-and-fitness-assistant-/aposis/src/styles.css", "PostCSS", 0, 0, 0, 0, 0, 0, 0, 0, 0, 0, 53, 0, 0, 0, 0, 0, 0, 0, 0, 0, 12, 65
"/media/linux/fba0f54e-b8a2-fb4f-802f-cd9ac7033213/Automated-nutrition-and-fitness-assistant-/aposis/tsconfig.json", "JSON with Comments", 0, 0, 0, 0, 0, 25, 0, 0, 0, 0, 0, 0, 0, 0, 0, 0, 0, 0, 0, 2, 4, 31
"/media/linux/fba0f54e-b8a2-fb4f-802f-cd9ac7033213/Automated-nutrition-and-fitness-assistant-/aposis/vite.config.ts", "TypeScript", 0, 0, 0, 0, 20, 0, 0, 0, 0, 0, 0, 0, 0, 0, 0, 0, 0, 0, 0, 0, 5, 25
"/media/linux/fba0f54e-b8a2-fb4f-802f-cd9ac7033213/Automated-nutrition-and-fitness-assistant-/django/_Project/__init__.py", "Python", 0, 0, 0, 0, 0, 0, 0, 0, 0, 0, 0, 0, 0, 0, 0, 0, 0, 0, 0, 0, 1, 1
"/media/linux/fba0f54e-b8a2-fb4f-802f-cd9ac7033213/Automated-nutrition-and-fitness-assistant-/django/_Project/asgi.py", "Python", 0, 0, 0, 0, 0, 0, 0, 0, 4, 0, 0, 0, 0, 0, 0, 0, 0, 0, 0, 8, 5, 17
"/media/linux/fba0f54e-b8a2-fb4f-802f-cd9ac7033213/Automated-nutrition-and-fitness-assistant-/django/_Project/settings.py", "Python", 0, 0, 0, 0, 0, 0, 0, 0, 90, 0, 0, 0, 0, 0, 0, 0, 0, 0, 0, 30, 34, 154
"/media/linux/fba0f54e-b8a2-fb4f-802f-cd9ac7033213/Automated-nutrition-and-fitness-assistant-/django/_Project/urls.py", "Python", 0, 0, 0, 0, 0, 0, 0, 0, 6, 0, 0, 0, 0, 0, 0, 0, 0, 0, 0, 16, 2, 24
"/media/linux/fba0f54e-b8a2-fb4f-802f-cd9ac7033213/Automated-nutrition-and-fitness-assistant-/django/_Project/wsgi.py", "Python", 0, 0, 0, 0, 0, 0, 0, 0, 4, 0, 0, 0, 0, 0, 0, 0, 0, 0, 0, 8, 5, 17
"/media/linux/fba0f54e-b8a2-fb4f-802f-cd9ac7033213/Automated-nutrition-and-fitness-assistant-/django/authentication/__init__.py", "Python", 0, 0, 0, 0, 0, 0, 0, 0, 0, 0, 0, 0, 0, 0, 0, 0, 0, 0, 0, 0, 1, 1
"/media/linux/fba0f54e-b8a2-fb4f-802f-cd9ac7033213/Automated-nutrition-and-fitness-assistant-/django/authentication/admin.py", "Python", 0, 0, 0, 0, 0, 0, 0, 0, 1, 0, 0, 0, 0, 0, 0, 0, 0, 0, 0, 1, 2, 4
"/media/linux/fba0f54e-b8a2-fb4f-802f-cd9ac7033213/Automated-nutrition-and-fitness-assistant-/django/authentication/apps.py", "Python", 0, 0, 0, 0, 0, 0, 0, 0, 3, 0, 0, 0, 0, 0, 0, 0, 0, 0, 0, 0, 3, 6
"/media/linux/fba0f54e-b8a2-fb4f-802f-cd9ac7033213/Automated-nutrition-and-fitness-assistant-/django/authentication/authentication.py", "Python", 0, 0, 0, 0, 0, 0, 0, 0, 17, 0, 0, 0, 0, 0, 0, 0, 0, 0, 0, 4, 7, 28
"/media/linux/fba0f54e-b8a2-fb4f-802f-cd9ac7033213/Automated-nutrition-and-fitness-assistant-/django/authentication/migrations/0001_initial.py", "Python", 0, 0, 0, 0, 0, 0, 0, 0, 52, 0, 0, 0, 0, 0, 0, 0, 0, 0, 0, 1, 7, 60
"/media/linux/fba0f54e-b8a2-fb4f-802f-cd9ac7033213/Automated-nutrition-and-fitness-assistant-/django/authentication/migrations/0002_remove_users_verified_at.py", "Python", 0, 0, 0, 0, 0, 0, 0, 0, 11, 0, 0, 0, 0, 0, 0, 0, 0, 0, 0, 1, 6, 18
"/media/linux/fba0f54e-b8a2-fb4f-802f-cd9ac7033213/Automated-nutrition-and-fitness-assistant-/django/authentication/migrations/0003_users_is_staff_alter_users_is_superuser.py", "Python", 0, 0, 0, 0, 0, 0, 0, 0, 17, 0, 0, 0, 0, 0, 0, 0, 0, 0, 0, 1, 6, 24
"/media/linux/fba0f54e-b8a2-fb4f-802f-cd9ac7033213/Automated-nutrition-and-fitness-assistant-/django/authentication/migrations/__init__.py", "Python", 0, 0, 0, 0, 0, 0, 0, 0, 0, 0, 0, 0, 0, 0, 0, 0, 0, 0, 0, 0, 1, 1
"/media/linux/fba0f54e-b8a2-fb4f-802f-cd9ac7033213/Automated-nutrition-and-fitness-assistant-/django/authentication/models.py", "Python", 0, 0, 0, 0, 0, 0, 0, 0, 46, 0, 0, 0, 0, 0, 0, 0, 0, 0, 0, 3, 9, 58
"/media/linux/fba0f54e-b8a2-fb4f-802f-cd9ac7033213/Automated-nutrition-and-fitness-assistant-/django/authentication/serializer.py", "Python", 0, 0, 0, 0, 0, 0, 0, 0, 75, 0, 0, 0, 0, 0, 0, 0, 0, 0, 0, 11, 16, 102
"/media/linux/fba0f54e-b8a2-fb4f-802f-cd9ac7033213/Automated-nutrition-and-fitness-assistant-/django/authentication/tests.py", "Python", 0, 0, 0, 0, 0, 0, 0, 0, 1, 0, 0, 0, 0, 0, 0, 0, 0, 0, 0, 1, 2, 4
"/media/linux/fba0f54e-b8a2-fb4f-802f-cd9ac7033213/Automated-nutrition-and-fitness-assistant-/django/authentication/urls.py", "Python", 0, 0, 0, 0, 0, 0, 0, 0, 11, 0, 0, 0, 0, 0, 0, 0, 0, 0, 0, 0, 2, 13
"/media/linux/fba0f54e-b8a2-fb4f-802f-cd9ac7033213/Automated-nutrition-and-fitness-assistant-/django/authentication/views.py", "Python", 0, 0, 0, 0, 0, 0, 0, 0, 123, 0, 0, 0, 0, 0, 0, 0, 0, 0, 0, 67, 30, 220
"/media/linux/fba0f54e-b8a2-fb4f-802f-cd9ac7033213/Automated-nutrition-and-fitness-assistant-/django/manage.py", "Python", 0, 0, 0, 0, 0, 0, 0, 0, 15, 0, 0, 0, 0, 0, 0, 0, 0, 0, 0, 3, 5, 23
"/media/linux/fba0f54e-b8a2-fb4f-802f-cd9ac7033213/Automated-nutrition-and-fitness-assistant-/django/requirements.txt", "pip requirements", 0, 0, 0, 0, 0, 0, 0, 0, 0, 0, 0, 10, 0, 0, 0, 0, 0, 0, 0, 0, 1, 11
"/media/linux/fba0f54e-b8a2-fb4f-802f-cd9ac7033213/Automated-nutrition-and-fitness-assistant-/mobile/README.md", "Markdown", 0, 0, 0, 0, 0, 0, 11, 0, 0, 0, 0, 0, 0, 0, 0, 0, 0, 0, 0, 0, 7, 18
"/media/linux/fba0f54e-b8a2-fb4f-802f-cd9ac7033213/Automated-nutrition-and-fitness-assistant-/mobile/analysis_options.yaml", "YAML", 3, 0, 0, 0, 0, 0, 0, 0, 0, 0, 0, 0, 0, 0, 0, 0, 0, 0, 0, 22, 4, 29
"/media/linux/fba0f54e-b8a2-fb4f-802f-cd9ac7033213/Automated-nutrition-and-fitness-assistant-/mobile/android/app/build.gradle.kts", "Kotlin", 0, 0, 0, 0, 0, 0, 0, 0, 0, 0, 0, 0, 0, 0, 0, 0, 32, 0, 0, 6, 7, 45
"/media/linux/fba0f54e-b8a2-fb4f-802f-cd9ac7033213/Automated-nutrition-and-fitness-assistant-/mobile/android/app/src/debug/AndroidManifest.xml", "XML", 0, 0, 0, 0, 0, 0, 0, 0, 0, 0, 0, 0, 0, 0, 0, 0, 0, 3, 0, 4, 1, 8
"/media/linux/fba0f54e-b8a2-fb4f-802f-cd9ac7033213/Automated-nutrition-and-fitness-assistant-/mobile/android/app/src/main/AndroidManifest.xml", "XML", 0, 0, 0, 0, 0, 0, 0, 0, 0, 0, 0, 0, 0, 0, 0, 0, 0, 34, 0, 11, 1, 46
"/media/linux/fba0f54e-b8a2-fb4f-802f-cd9ac7033213/Automated-nutrition-and-fitness-assistant-/mobile/android/app/src/main/kotlin/com/example/mobile/MainActivity.kt", "Kotlin", 0, 0, 0, 0, 0, 0, 0, 0, 0, 0, 0, 0, 0, 0, 0, 0, 3, 0, 0, 0, 3, 6
"/media/linux/fba0f54e-b8a2-fb4f-802f-cd9ac7033213/Automated-nutrition-and-fitness-assistant-/mobile/android/app/src/main/res/drawable-v21/launch_background.xml", "XML", 0, 0, 0, 0, 0, 0, 0, 0, 0, 0, 0, 0, 0, 0, 0, 0, 0, 4, 0, 7, 2, 13
"/media/linux/fba0f54e-b8a2-fb4f-802f-cd9ac7033213/Automated-nutrition-and-fitness-assistant-/mobile/android/app/src/main/res/drawable/launch_background.xml", "XML", 0, 0, 0, 0, 0, 0, 0, 0, 0, 0, 0, 0, 0, 0, 0, 0, 0, 4, 0, 7, 2, 13
"/media/linux/fba0f54e-b8a2-fb4f-802f-cd9ac7033213/Automated-nutrition-and-fitness-assistant-/mobile/android/app/src/main/res/values-night/styles.xml", "XML", 0, 0, 0, 0, 0, 0, 0, 0, 0, 0, 0, 0, 0, 0, 0, 0, 0, 9, 0, 9, 1, 19
"/media/linux/fba0f54e-b8a2-fb4f-802f-cd9ac7033213/Automated-nutrition-and-fitness-assistant-/mobile/android/app/src/main/res/values/styles.xml", "XML", 0, 0, 0, 0, 0, 0, 0, 0, 0, 0, 0, 0, 0, 0, 0, 0, 0, 9, 0, 9, 1, 19
"/media/linux/fba0f54e-b8a2-fb4f-802f-cd9ac7033213/Automated-nutrition-and-fitness-assistant-/mobile/android/app/src/profile/AndroidManifest.xml", "XML", 0, 0, 0, 0, 0, 0, 0, 0, 0, 0, 0, 0, 0, 0, 0, 0, 0, 3, 0, 4, 1, 8
"/media/linux/fba0f54e-b8a2-fb4f-802f-cd9ac7033213/Automated-nutrition-and-fitness-assistant-/mobile/android/build.gradle.kts", "Kotlin", 0, 0, 0, 0, 0, 0, 0, 0, 0, 0, 0, 0, 0, 0, 0, 0, 21, 0, 0, 0, 4, 25
"/media/linux/fba0f54e-b8a2-fb4f-802f-cd9ac7033213/Automated-nutrition-and-fitness-assistant-/mobile/android/gradle.properties", "Java Properties", 0, 0, 0, 0, 0, 0, 0, 0, 0, 2, 0, 0, 0, 0, 0, 0, 0, 0, 0, 0, 1, 3
"/media/linux/fba0f54e-b8a2-fb4f-802f-cd9ac7033213/Automated-nutrition-and-fitness-assistant-/mobile/android/gradle/wrapper/gradle-wrapper.properties", "Java Properties", 0, 0, 0, 0, 0, 0, 0, 0, 0, 5, 0, 0, 0, 0, 0, 0, 0, 0, 0, 0, 1, 6
"/media/linux/fba0f54e-b8a2-fb4f-802f-cd9ac7033213/Automated-nutrition-and-fitness-assistant-/mobile/android/settings.gradle.kts", "Kotlin", 0, 0, 0, 0, 0, 0, 0, 0, 0, 0, 0, 0, 0, 0, 0, 0, 22, 0, 0, 0, 5, 27
"/media/linux/fba0f54e-b8a2-fb4f-802f-cd9ac7033213/Automated-nutrition-and-fitness-assistant-/mobile/ios/Flutter/AppFrameworkInfo.plist", "XML", 0, 0, 0, 0, 0, 0, 0, 0, 0, 0, 0, 0, 0, 0, 0, 0, 0, 24, 0, 0, 1, 25
"/media/linux/fba0f54e-b8a2-fb4f-802f-cd9ac7033213/Automated-nutrition-and-fitness-assistant-/mobile/ios/Runner.xcodeproj/project.xcworkspace/xcshareddata/IDEWorkspaceChecks.plist", "XML", 0, 0, 0, 0, 0, 0, 0, 0, 0, 0, 0, 0, 0, 0, 0, 0, 0, 8, 0, 0, 1, 9
"/media/linux/fba0f54e-b8a2-fb4f-802f-cd9ac7033213/Automated-nutrition-and-fitness-assistant-/mobile/ios/Runner.xcworkspace/xcshareddata/IDEWorkspaceChecks.plist", "XML", 0, 0, 0, 0, 0, 0, 0, 0, 0, 0, 0, 0, 0, 0, 0, 0, 0, 8, 0, 0, 1, 9
"/media/linux/fba0f54e-b8a2-fb4f-802f-cd9ac7033213/Automated-nutrition-and-fitness-assistant-/mobile/ios/Runner/AppDelegate.swift", "Swift", 0, 0, 0, 0, 0, 0, 0, 0, 0, 0, 0, 0, 0, 0, 0, 0, 0, 0, 14, 0, 3, 17
"/media/linux/fba0f54e-b8a2-fb4f-802f-cd9ac7033213/Automated-nutrition-and-fitness-assistant-/mobile/ios/Runner/Assets.xcassets/AppIcon.appiconset/Contents.json", "JSON", 0, 0, 122, 0, 0, 0, 0, 0, 0, 0, 0, 0, 0, 0, 0, 0, 0, 0, 0, 0, 1, 123
"/media/linux/fba0f54e-b8a2-fb4f-802f-cd9ac7033213/Automated-nutrition-and-fitness-assistant-/mobile/ios/Runner/Assets.xcassets/LaunchImage.imageset/Contents.json", "JSON", 0, 0, 23, 0, 0, 0, 0, 0, 0, 0, 0, 0, 0, 0, 0, 0, 0, 0, 0, 0, 1, 24
"/media/linux/fba0f54e-b8a2-fb4f-802f-cd9ac7033213/Automated-nutrition-and-fitness-assistant-/mobile/ios/Runner/Assets.xcassets/LaunchImage.imageset/README.md", "Markdown", 0, 0, 0, 0, 0, 0, 3, 0, 0, 0, 0, 0, 0, 0, 0, 0, 0, 0, 0, 0, 2, 5
"/media/linux/fba0f54e-b8a2-fb4f-802f-cd9ac7033213/Automated-nutrition-and-fitness-assistant-/mobile/ios/Runner/Base.lproj/LaunchScreen.storyboard", "XML", 0, 0, 0, 0, 0, 0, 0, 0, 0, 0, 0, 0, 0, 0, 0, 0, 0, 36, 0, 1, 1, 38
"/media/linux/fba0f54e-b8a2-fb4f-802f-cd9ac7033213/Automated-nutrition-and-fitness-assistant-/mobile/ios/Runner/Base.lproj/Main.storyboard", "XML", 0, 0, 0, 0, 0, 0, 0, 0, 0, 0, 0, 0, 0, 0, 0, 0, 0, 25, 0, 1, 1, 27
"/media/linux/fba0f54e-b8a2-fb4f-802f-cd9ac7033213/Automated-nutrition-and-fitness-assistant-/mobile/ios/Runner/Info.plist", "XML", 0, 0, 0, 0, 0, 0, 0, 0, 0, 0, 0, 0, 0, 0, 0, 0, 0, 70, 0, 0, 1, 71
"/media/linux/fba0f54e-b8a2-fb4f-802f-cd9ac7033213/Automated-nutrition-and-fitness-assistant-/mobile/ios/Runner/Runner-Bridging-Header.h", "C++", 0, 0, 0, 0, 0, 0, 0, 0, 0, 0, 0, 0, 0, 0, 1, 0, 0, 0, 0, 0, 1, 2
"/media/linux/fba0f54e-b8a2-fb4f-802f-cd9ac7033213/Automated-nutrition-and-fitness-assistant-/mobile/ios/Runner/SceneDelegate.swift", "Swift", 0, 0, 0, 0, 0, 0, 0, 0, 0, 0, 0, 0, 0, 0, 0, 0, 0, 0, 4, 0, 3, 7
"/media/linux/fba0f54e-b8a2-fb4f-802f-cd9ac7033213/Automated-nutrition-and-fitness-assistant-/mobile/ios/RunnerTests/RunnerTests.swift", "Swift", 0, 0, 0, 0, 0, 0, 0, 0, 0, 0, 0, 0, 0, 0, 0, 0, 0, 0, 7, 2, 4, 13
"/media/linux/fba0f54e-b8a2-fb4f-802f-cd9ac7033213/Automated-nutrition-and-fitness-assistant-/mobile/lib/main.dart", "Dart", 0, 0, 0, 0, 0, 0, 0, 0, 0, 0, 0, 0, 57, 0, 0, 0, 0, 0, 0, 54, 12, 123
"/media/linux/fba0f54e-b8a2-fb4f-802f-cd9ac7033213/Automated-nutrition-and-fitness-assistant-/mobile/linux/CMakeLists.txt", "CMake", 0, 0, 0, 0, 0, 0, 0, 0, 0, 0, 0, 0, 0, 104, 0, 0, 0, 0, 0, 0, 25, 129
"/media/linux/fba0f54e-b8a2-fb4f-802f-cd9ac7033213/Automated-nutrition-and-fitness-assistant-/mobile/linux/flutter/CMakeLists.txt", "CMake", 0, 0, 0, 0, 0, 0, 0, 0, 0, 0, 0, 0, 0, 79, 0, 0, 0, 0, 0, 0, 10, 89
"/media/linux/fba0f54e-b8a2-fb4f-802f-cd9ac7033213/Automated-nutrition-and-fitness-assistant-/mobile/linux/flutter/generated_plugin_registrant.cc", "C++", 0, 0, 0, 0, 0, 0, 0, 0, 0, 0, 0, 0, 0, 0, 3, 0, 0, 0, 0, 4, 5, 12
"/media/linux/fba0f54e-b8a2-fb4f-802f-cd9ac7033213/Automated-nutrition-and-fitness-assistant-/mobile/linux/flutter/generated_plugin_registrant.h", "C++", 0, 0, 0, 0, 0, 0, 0, 0, 0, 0, 0, 0, 0, 0, 5, 0, 0, 0, 0, 5, 6, 16
"/media/linux/fba0f54e-b8a2-fb4f-802f-cd9ac7033213/Automated-nutrition-and-fitness-assistant-/mobile/linux/flutter/generated_plugins.cmake", "CMake", 0, 0, 0, 0, 0, 0, 0, 0, 0, 0, 0, 0, 0, 18, 0, 0, 0, 0, 0, 0, 6, 24
"/media/linux/fba0f54e-b8a2-fb4f-802f-cd9ac7033213/Automated-nutrition-and-fitness-assistant-/mobile/linux/runner/CMakeLists.txt", "CMake", 0, 0, 0, 0, 0, 0, 0, 0, 0, 0, 0, 0, 0, 21, 0, 0, 0, 0, 0, 0, 6, 27
"/media/linux/fba0f54e-b8a2-fb4f-802f-cd9ac7033213/Automated-nutrition-and-fitness-assistant-/mobile/linux/runner/main.cc", "C++", 0, 0, 0, 0, 0, 0, 0, 0, 0, 0, 0, 0, 0, 0, 5, 0, 0, 0, 0, 0, 2, 7
"/media/linux/fba0f54e-b8a2-fb4f-802f-cd9ac7033213/Automated-nutrition-and-fitness-assistant-/mobile/linux/runner/my_application.cc", "C++", 0, 0, 0, 0, 0, 0, 0, 0, 0, 0, 0, 0, 0, 0, 94, 0, 0, 0, 0, 26, 29, 149
"/media/linux/fba0f54e-b8a2-fb4f-802f-cd9ac7033213/Automated-nutrition-and-fitness-assistant-/mobile/linux/runner/my_application.h", "C++", 0, 0, 0, 0, 0, 0, 0, 0, 0, 0, 0, 0, 0, 0, 10, 0, 0, 0, 0, 7, 5, 22
"/media/linux/fba0f54e-b8a2-fb4f-802f-cd9ac7033213/Automated-nutrition-and-fitness-assistant-/mobile/macos/Flutter/GeneratedPluginRegistrant.swift", "Swift", 0, 0, 0, 0, 0, 0, 0, 0, 0, 0, 0, 0, 0, 0, 0, 0, 0, 0, 4, 3, 4, 11
"/media/linux/fba0f54e-b8a2-fb4f-802f-cd9ac7033213/Automated-nutrition-and-fitness-assistant-/mobile/macos/Runner.xcodeproj/project.xcworkspace/xcshareddata/IDEWorkspaceChecks.plist", "XML", 0, 0, 0, 0, 0, 0, 0, 0, 0, 0, 0, 0, 0, 0, 0, 0, 0, 8, 0, 0, 1, 9
"/media/linux/fba0f54e-b8a2-fb4f-802f-cd9ac7033213/Automated-nutrition-and-fitness-assistant-/mobile/macos/Runner.xcworkspace/xcshareddata/IDEWorkspaceChecks.plist", "XML", 0, 0, 0, 0, 0, 0, 0, 0, 0, 0, 0, 0, 0, 0, 0, 0, 0, 8, 0, 0, 1, 9
"/media/linux/fba0f54e-b8a2-fb4f-802f-cd9ac7033213/Automated-nutrition-and-fitness-assistant-/mobile/macos/Runner/AppDelegate.swift", "Swift", 0, 0, 0, 0, 0, 0, 0, 0, 0, 0, 0, 0, 0, 0, 0, 0, 0, 0, 11, 0, 3, 14
"/media/linux/fba0f54e-b8a2-fb4f-802f-cd9ac7033213/Automated-nutrition-and-fitness-assistant-/mobile/macos/Runner/Assets.xcassets/AppIcon.appiconset/Contents.json", "JSON", 0, 0, 68, 0, 0, 0, 0, 0, 0, 0, 0, 0, 0, 0, 0, 0, 0, 0, 0, 0, 1, 69
"/media/linux/fba0f54e-b8a2-fb4f-802f-cd9ac7033213/Automated-nutrition-and-fitness-assistant-/mobile/macos/Runner/Base.lproj/MainMenu.xib", "XML", 0, 0, 0, 0, 0, 0, 0, 0, 0, 0, 0, 0, 0, 0, 0, 0, 0, 343, 0, 0, 1, 344
"/media/linux/fba0f54e-b8a2-fb4f-802f-cd9ac7033213/Automated-nutrition-and-fitness-assistant-/mobile/macos/Runner/Info.plist", "XML", 0, 0, 0, 0, 0, 0, 0, 0, 0, 0, 0, 0, 0, 0, 0, 0, 0, 32, 0, 0, 1, 33
"/media/linux/fba0f54e-b8a2-fb4f-802f-cd9ac7033213/Automated-nutrition-and-fitness-assistant-/mobile/macos/Runner/MainFlutterWindow.swift", "Swift", 0, 0, 0, 0, 0, 0, 0, 0, 0, 0, 0, 0, 0, 0, 0, 0, 0, 0, 12, 0, 4, 16
"/media/linux/fba0f54e-b8a2-fb4f-802f-cd9ac7033213/Automated-nutrition-and-fitness-assistant-/mobile/macos/RunnerTests/RunnerTests.swift", "Swift", 0, 0, 0, 0, 0, 0, 0, 0, 0, 0, 0, 0, 0, 0, 0, 0, 0, 0, 7, 2, 4, 13
"/media/linux/fba0f54e-b8a2-fb4f-802f-cd9ac7033213/Automated-nutrition-and-fitness-assistant-/mobile/pubspec.yaml", "YAML", 16, 0, 0, 0, 0, 0, 0, 0, 0, 0, 0, 0, 0, 0, 0, 0, 0, 0, 0, 60, 14, 90
"/media/linux/fba0f54e-b8a2-fb4f-802f-cd9ac7033213/Automated-nutrition-and-fitness-assistant-/mobile/test/widget_test.dart", "Dart", 0, 0, 0, 0, 0, 0, 0, 0, 0, 0, 0, 0, 14, 0, 0, 0, 0, 0, 0, 10, 7, 31
"/media/linux/fba0f54e-b8a2-fb4f-802f-cd9ac7033213/Automated-nutrition-and-fitness-assistant-/mobile/web/index.html", "HTML", 0, 0, 0, 0, 0, 0, 0, 0, 0, 0, 0, 0, 0, 0, 0, 19, 0, 0, 0, 23, 5, 47
"/media/linux/fba0f54e-b8a2-fb4f-802f-cd9ac7033213/Automated-nutrition-and-fitness-assistant-/mobile/web/manifest.json", "JSON", 0, 0, 35, 0, 0, 0, 0, 0, 0, 0, 0, 0, 0, 0, 0, 0, 0, 0, 0, 0, 1, 36
"/media/linux/fba0f54e-b8a2-fb4f-802f-cd9ac7033213/Automated-nutrition-and-fitness-assistant-/mobile/windows/CMakeLists.txt", "CMake", 0, 0, 0, 0, 0, 0, 0, 0, 0, 0, 0, 0, 0, 89, 0, 0, 0, 0, 0, 0, 20, 109
"/media/linux/fba0f54e-b8a2-fb4f-802f-cd9ac7033213/Automated-nutrition-and-fitness-assistant-/mobile/windows/flutter/CMakeLists.txt", "CMake", 0, 0, 0, 0, 0, 0, 0, 0, 0, 0, 0, 0, 0, 98, 0, 0, 0, 0, 0, 0, 12, 110
"/media/linux/fba0f54e-b8a2-fb4f-802f-cd9ac7033213/Automated-nutrition-and-fitness-assistant-/mobile/windows/flutter/generated_plugin_registrant.cc", "C++", 0, 0, 0, 0, 0, 0, 0, 0, 0, 0, 0, 0, 0, 0, 3, 0, 0, 0, 0, 4, 5, 12
"/media/linux/fba0f54e-b8a2-fb4f-802f-cd9ac7033213/Automated-nutrition-and-fitness-assistant-/mobile/windows/flutter/generated_plugin_registrant.h", "C++", 0, 0, 0, 0, 0, 0, 0, 0, 0, 0, 0, 0, 0, 0, 5, 0, 0, 0, 0, 5, 6, 16
"/media/linux/fba0f54e-b8a2-fb4f-802f-cd9ac7033213/Automated-nutrition-and-fitness-assistant-/mobile/windows/flutter/generated_plugins.cmake", "CMake", 0, 0, 0, 0, 0, 0, 0, 0, 0, 0, 0, 0, 0, 18, 0, 0, 0, 0, 0, 0, 6, 24
"/media/linux/fba0f54e-b8a2-fb4f-802f-cd9ac7033213/Automated-nutrition-and-fitness-assistant-/mobile/windows/runner/CMakeLists.txt", "CMake", 0, 0, 0, 0, 0, 0, 0, 0, 0, 0, 0, 0, 0, 34, 0, 0, 0, 0, 0, 0, 7, 41
"/media/linux/fba0f54e-b8a2-fb4f-802f-cd9ac7033213/Automated-nutrition-and-fitness-assistant-/mobile/windows/runner/flutter_window.cpp", "C++", 0, 0, 0, 0, 0, 0, 0, 0, 0, 0, 0, 0, 0, 0, 49, 0, 0, 0, 0, 7, 16, 72
"/media/linux/fba0f54e-b8a2-fb4f-802f-cd9ac7033213/Automated-nutrition-and-fitness-assistant-/mobile/windows/runner/flutter_window.h", "C++", 0, 0, 0, 0, 0, 0, 0, 0, 0, 0, 0, 0, 0, 0, 20, 0, 0, 0, 0, 5, 9, 34
"/media/linux/fba0f54e-b8a2-fb4f-802f-cd9ac7033213/Automated-nutrition-and-fitness-assistant-/mobile/windows/runner/main.cpp", "C++", 0, 0, 0, 0, 0, 0, 0, 0, 0, 0, 0, 0, 0, 0, 30, 0, 0, 0, 0, 4, 10, 44
"/media/linux/fba0f54e-b8a2-fb4f-802f-cd9ac7033213/Automated-nutrition-and-fitness-assistant-/mobile/windows/runner/resource.h", "C++", 0, 0, 0, 0, 0, 0, 0, 0, 0, 0, 0, 0, 0, 0, 9, 0, 0, 0, 0, 6, 2, 17
"/media/linux/fba0f54e-b8a2-fb4f-802f-cd9ac7033213/Automated-nutrition-and-fitness-assistant-/mobile/windows/runner/utils.cpp", "C++", 0, 0, 0, 0, 0, 0, 0, 0, 0, 0, 0, 0, 0, 0, 54, 0, 0, 0, 0, 2, 10, 66
"/media/linux/fba0f54e-b8a2-fb4f-802f-cd9ac7033213/Automated-nutrition-and-fitness-assistant-/mobile/windows/runner/utils.h", "C++", 0, 0, 0, 0, 0, 0, 0, 0, 0, 0, 0, 0, 0, 0, 8, 0, 0, 0, 0, 6, 6, 20
"/media/linux/fba0f54e-b8a2-fb4f-802f-cd9ac7033213/Automated-nutrition-and-fitness-assistant-/mobile/windows/runner/win32_window.cpp", "C++", 0, 0, 0, 0, 0, 0, 0, 0, 0, 0, 0, 0, 0, 0, 210, 0, 0, 0, 0, 24, 55, 289
"/media/linux/fba0f54e-b8a2-fb4f-802f-cd9ac7033213/Automated-nutrition-and-fitness-assistant-/mobile/windows/runner/win32_window.h", "C++", 0, 0, 0, 0, 0, 0, 0, 0, 0, 0, 0, 0, 0, 0, 48, 0, 0, 0, 0, 31, 24, 103
"/media/linux/fba0f54e-b8a2-fb4f-802f-cd9ac7033213/Automated-nutrition-and-fitness-assistant-/nestjs/README.md", "Markdown", 0, 0, 0, 0, 0, 0, 68, 0, 0, 0, 0, 0, 0, 0, 0, 0, 0, 0, 0, 2, 29, 99
"/media/linux/fba0f54e-b8a2-fb4f-802f-cd9ac7033213/Automated-nutrition-and-fitness-assistant-/nestjs/eslint.config.mjs", "JavaScript", 0, 33, 0, 0, 0, 0, 0, 0, 0, 0, 0, 0, 0, 0, 0, 0, 0, 0, 0, 1, 2, 36
"/media/linux/fba0f54e-b8a2-fb4f-802f-cd9ac7033213/Automated-nutrition-and-fitness-assistant-/nestjs/nest-cli.json", "JSON", 0, 0, 8, 0, 0, 0, 0, 0, 0, 0, 0, 0, 0, 0, 0, 0, 0, 0, 0, 0, 1, 9
"/media/linux/fba0f54e-b8a2-fb4f-802f-cd9ac7033213/Automated-nutrition-and-fitness-assistant-/nestjs/package.json", "JSON", 0, 0, 71, 0, 0, 0, 0, 0, 0, 0, 0, 0, 0, 0, 0, 0, 0, 0, 0, 0, 1, 72
"/media/linux/fba0f54e-b8a2-fb4f-802f-cd9ac7033213/Automated-nutrition-and-fitness-assistant-/nestjs/pnpm-lock.yaml", "YAML", 4886, 0, 0, 0, 0, 0, 0, 0, 0, 0, 0, 0, 0, 0, 0, 0, 0, 0, 0, 0, 1342, 6228
"/media/linux/fba0f54e-b8a2-fb4f-802f-cd9ac7033213/Automated-nutrition-and-fitness-assistant-/nestjs/src/app.controller.spec.ts", "TypeScript", 0, 0, 0, 0, 18, 0, 0, 0, 0, 0, 0, 0, 0, 0, 0, 0, 0, 0, 0, 0, 5, 23
"/media/linux/fba0f54e-b8a2-fb4f-802f-cd9ac7033213/Automated-nutrition-and-fitness-assistant-/nestjs/src/app.controller.ts", "TypeScript", 0, 0, 0, 0, 10, 0, 0, 0, 0, 0, 0, 0, 0, 0, 0, 0, 0, 0, 0, 0, 3, 13
"/media/linux/fba0f54e-b8a2-fb4f-802f-cd9ac7033213/Automated-nutrition-and-fitness-assistant-/nestjs/src/app.module.ts", "TypeScript", 0, 0, 0, 0, 9, 0, 0, 0, 0, 0, 0, 0, 0, 0, 0, 0, 0, 0, 0, 0, 2, 11
"/media/linux/fba0f54e-b8a2-fb4f-802f-cd9ac7033213/Automated-nutrition-and-fitness-assistant-/nestjs/src/app.service.ts", "TypeScript", 0, 0, 0, 0, 7, 0, 0, 0, 0, 0, 0, 0, 0, 0, 0, 0, 0, 0, 0, 0, 2, 9
"/media/linux/fba0f54e-b8a2-fb4f-802f-cd9ac7033213/Automated-nutrition-and-fitness-assistant-/nestjs/src/main.ts", "TypeScript", 0, 0, 0, 0, 7, 0, 0, 0, 0, 0, 0, 0, 0, 0, 0, 0, 0, 0, 0, 0, 2, 9
"/media/linux/fba0f54e-b8a2-fb4f-802f-cd9ac7033213/Automated-nutrition-and-fitness-assistant-/nestjs/test/app.e2e-spec.ts", "TypeScript", 0, 0, 0, 0, 21, 0, 0, 0, 0, 0, 0, 0, 0, 0, 0, 0, 0, 0, 0, 0, 5, 26
"/media/linux/fba0f54e-b8a2-fb4f-802f-cd9ac7033213/Automated-nutrition-and-fitness-assistant-/nestjs/test/jest-e2e.json", "JSON", 0, 0, 9, 0, 0, 0, 0, 0, 0, 0, 0, 0, 0, 0, 0, 0, 0, 0, 0, 0, 1, 10
"/media/linux/fba0f54e-b8a2-fb4f-802f-cd9ac7033213/Automated-nutrition-and-fitness-assistant-/nestjs/tsconfig.build.json", "JSON", 0, 0, 4, 0, 0, 0, 0, 0, 0, 0, 0, 0, 0, 0, 0, 0, 0, 0, 0, 0, 1, 5
"/media/linux/fba0f54e-b8a2-fb4f-802f-cd9ac7033213/Automated-nutrition-and-fitness-assistant-/nestjs/tsconfig.json", "JSON with Comments", 0, 0, 0, 0, 0, 25, 0, 0, 0, 0, 0, 0, 0, 0, 0, 0, 0, 0, 0, 0, 1, 26
"Total", "-", 8797, 56, 442, 541, 204, 50, 224, 685, 476, 7, 53, 10, 71, 461, 554, 19, 78, 628, 59, 555, 3161, 17131